Account Id,Account Name,Record Type,Approval Status,Primary Contact Email,Contact Count,Contact Names,Contact Emails,Contact Ids
0013A00001XXEOZQA5,Ancient China Inc dba Lee's HVAC,Vendor - Field Service,,pams556@aol.com,1,LEE LIN,pams556@aol.com,0033A00002Hxgl4QAB
0013A00001XXEP6QAP,DO NOT USE Rafael Garcia,Vendor - Field Service,,rafaelchito72@gmail.com,0,,,
0013A00001XXEPIQA5,All About Comfort,Vendor - Field Service,,,0,,,
0013A00001XXEQNQA5,Contigo Consulting,Vendor - Field Service,,,1,High Performance Home Systems -,lee.k@highperformancehomecompanies.com,0033A00002HxgoaQAB
0013A00001XXEQlQAP,Premier Plumbing and Mechanical,Vendor - Field Service,,service@premieroftn.com,0,,,
0013A00001XXEVmQAP,Cantor Property Services,Vendor - Field Service,,,0,,,
0013A00001XXEW3QAP,Alexis Romero Hernandez,Vendor - Field Service,,,0,,,
0013A00001XXEYcQAP,R&R Construction,Vendor - Field Service,Approved,,1,Chad Wilson,kc4construction@gmail.com,0033A00002HxgjWQAR
0013A00001XXEZGQA5,Mulrooney Enterprises,Vendor - Field Service,,,0,,,
0013A00001XXEatQAH,DO NOT USE Saed Abdirasul,Vendor - Field Service,,srasul67@gmail.com,0,,,
0013A00001XXEbLQAX,DO NOT USE - Jose Walter Rubio,Vendor - Field Service,,josewalterrubio44@gmail.com,0,,,
0013A00001XXEbdQAH,DO NOT USE J and A Drywall,Vendor - Field Service,,jandadrywall1096@outlook.com,2,Ana Solis; Jose Solis,jandadrywall1096@outlook.com; joselinosolis1096@gmail.com,0034V0000380m07QAA; 0034V00002nJsy8QAC
0013A00001XXEcnQAH,Mister Tree,Vendor - Field Service,,,0,,,
0013A00001XXEebQAH,Contracting Pro LLC,Vendor - Field Service,Approved,admin@mycontractingpro.com,2,Lowell Hinte; Jessica Grooms,admin@mycontractingpro.com; jessica@contractingpro.com,0033A00002HxgobQAB; 003PZ00000GpsbkYAB
0013A00001XXEewQAH,Charleys Southside Lock & Safe,Vendor - Field Service,,help@charleyslock.com,1,Linda Sally,help@charleyslock.com,0034V00002nJsyzQAC
0013A00001XXEfEQAX,DO NOT USE - Kitchen And Bath Restoration,Vendor - Field Service,,,0,,,
0013A00001XXEfHQAX,VRM Industries LLC,Vendor - Field Service,,michael@okinsulation.com,0,,,
0013A00001XXEfSQAX,Triple N Glass,Vendor - Field Service,,,0,,,
0013A00001XXEgBQAX,"Bolton Glass, LLC",Vendor - Field Service,,contractcoord@boltonglass.com,2,Scott Bolton1; Scott Bolton2,boltonglass@boltonglass.com; contractcoord@boltonglass.com,0033A00002HxgmEQAR; 003PZ00000jwmqQYAQ
0013A00001XXEgTQAX,Jose Tellez,Vendor - Field Service,Approved,thewindowman919@yahoo.com,1,Jose Tellez,thewindowman919@yahoo.com,0033A00002Hxh3CQAR
0013A00001XzBFwQAN,Strutton Plumbing Company,Vendor - Field Service,,,1,Pam unknown,pamt@struttonplumbing.com,003PZ00000OyYsMYAV
0013A00001aScoHQAS,DO NOT USE Alexander Alvarado Escobar,Vendor - Field Service,,,0,,,
0013A00001b6TKrQAM,Modern Marvels General Contracting,Vendor - Field Service,Approved,chris.modernmarvels@gmail.com,1,CHRISTOPHER Hermosillo,suzy.sebconstructionllc@gmail.com,0034V00002Z6M2MQAV
0013A00001fDjxXQAS,Rios Family Lawn Service,Vendor - Field Service,,riosces590@gmail.com,0,,,
0013A00001fDpGDQA0,DO NOT USE Elida Patricia Sosa Quiroz,Vendor - Field Service,,elida.saldana@yahoo.com,0,,,
0013A00001fEq3KQAS,Martinez Home Repair,Vendor - Field Service,,,1,Jose Martinez,jose.98martinez@icloud.com,0033A00002WYGklQAH
0013A00001gDVfjQAG,"Simmons Property Professionals, Inc",Vendor - Field Service,,jeanettesimmons217@gmail.com,2,Jeanette Simmons; Joe Simmons,jeanettesimmons217@gmail.com; jeanettesimmons217@gmail.com,0033A00002X95xcQAB; 0033A00002X96J0QAJ
0013A00001gDWQuQAO,EG Plumbing Services,Vendor - Field Service,,,1,Enrique Gonzalez,enrique1581@yahoo.com,0033A00002X97loQAB
0013A00001gEgikQAC,(DO NOT USE) Jorge A. Hernandez,Vendor - Field Service,,,0,,,
0013A00001gFSMqQAO,C and M Cleaning Services,Vendor - Field Service,,,1,Marcela Bonilla,marcelabonilla568@gmail.com,0033A00002XBoczQAD
0013A00001gGm0VQAS,One Source Plumbing,Vendor - Field Service,,onesourceplumbingtx@gmail.com,6,Patrick Figueroa; Sophia Hernandez; Valdemar Guajardo; Dianna Mejia; Francine Figueroa; Jerry Dale,patrick@onesourceplumbingtx.com; sophia@onesourceplumbingtx.com; val@onesourceplumbingtx.com; dianna@onesourceplumbingtx.com; francine@onesourceplumbingtx.com; jd@onesourceplumbingtx.com,0033A00002Xgq9wQAB; 0033A00002XgtCcQAJ; 0033A00002XgtCdQAJ; 0033A00002XgtCeQAJ; 0033A00002XgtCfQAJ; 0033A00002XgtCgQAJ
0013A00001gGvUJQA0,Rush and Co Inc,Vendor - Field Service,,rushnco@gmail.com,1,Ben Rush,rushnco@gmail.com,0033A00002Xh2WpQAJ
0013A00001h0FnGQAU,DO NOT USE Southern Blue Services LLC,Vendor - Field Service,,evan@southernbc.com,1,Denver Hall,denver@southernbc.com,0033A00002YAYKuQAP
0014V00001hfv7HQAQ,D n G Varmint Controller,Vendor - Field Service,,,1,Gerry Mckam,dgvarmint@sbcglobal.net,0034V00002YWRgiQAH
0014V00001hgP7mQAE,Steve P. Looney II,Vendor - Field Service,,slooneyconstruction@gmail.com,0,,,
0014V00001iSH4MQAW,E & K Home Improvement,Vendor - Field Service,,,1,Kieth Phillips,kiethphillips067@gmail.com,0034V00002ZApe8QAD
0014V00001iUpTyQAK,Juan Garcia Piedrahita,Vendor - Field Service,,juancamilog1994@gmail.com,1,Juan Camilo Garcia,juancamilog1994@gmail.com,0034V00002ZV2rcQAD
0014V00001iVDpoQAG,New Day Investment Group LLC,Vendor - Field Service,Approved,newdayinvestmentgroupllc@gmail.com,2,Antonio Williams; Ginia Reed,newdayinvestmentgroupllc@gmail.com; newdayinvestmentgroupllc@gmail.com,0034V00002ZVTTYQA5; 0034V00002ZVTgNQAX
0014V00001iz5vsQAA,First Choice Home Improvement LLC,Vendor - Field Service,,yourfirstchoicehomeimprovement@gmail.com,0,,,
0014V00001j0cNlQAI,DO NOT USE Brenton Brown,Vendor - Field Service,,,0,,,
0014V00001j0o19QAA,Texas Tital Mechanical,Vendor - Field Service,,,1,Johnny Benavides,texastitanmechanical@gmail.com,0034V00002ZXvhkQAD
0014V00001j0xrRQAQ,J&R Heating and Air Conditioning,Vendor - Field Service,,jarservices18@gmail.com,1,Jose Rodriguez,jarservices18@gmail.com,0034V00002ZY6miQAD
0014V00001j1THbQAM,Marcus Vasquez Plumbing,Vendor - Field Service,,,1,Marcus Vasquez,mvasquez1103@yahoo.com,0034V00002ZYgapQAD
0014V00001j1sJtQAI,"Cantor Property Services, LLC",Vendor - Field Service,,carpetandtileguy@gmail.com,3,Jeff Cantor; Julie Olsen; Rachel Hodum,carpetandtileguy@gmail.com; julie@bridgememphis.com; billing@flooringmemphis.com,0033A00002HxgjSQAR; 0034V000048d3VLQAY; 0034V00002cLCNhQAO
0014V00001j23xAQAQ,DO NOT USE THIS PROFILE - Jose Solis,Vendor - Field Service,,jandadrywall1096@outlook.com,1,Ana Solis,jandadrywall1096@outlook.com,0034V00002cLWxiQAG
0014V00001psvRfQAI,American HVAC and Plumbing LLC,Vendor - Field Service,,americanhpservices@gmail.com,2,josh Helton; Sharon Whitaker,americanhpservices@gmail.com; sharon@memphisrenters.com,0034V00002cMkWqQAK; 0034V00002cMlHRQA0
0014V00001psvc5QAA,Gaitlins Heating and Cooling,Vendor - Field Service,,,1,Shawn Gatlin,ghci.inc@gmail.com,0034V00002cMkl8QAC
0014V00001psxOkQAI,Southern Home Structural Specialists,Vendor - Field Service,,,1,Garland Caudle,foundationman01@gmail.com,0034V00002cMnLeQAK
0014V00001psxPJQAY,Jonathon Smalley,Vendor - Field Service,,,1,Jonathon Smalley,criteriumcarlysle@att.net,0034V00002cMnMhQAK
0014V00001ptEx3QAE,RF Brothers Construction,Vendor - Field Service,,rfbrothersc@gmail.com,1,Eduardo Rodriguez,rfbrothersc@gmail.com,0034V00002cNAkqQAG
0014V00001rglWlQAI,Narda Alejandra Ayala Vega,Vendor - Field Service,,,1,Narda Vega,naav40@gmail.com,0034V00002kifxkQAA
0014V00001rgwb0QAA,Mauro Licona,Vendor - Field Service,Approved,maurolicona@gmail.com,1,Mauro Licona,maurolicona@gmail.com,0034V00002kiuVYQAY
0014V00001rgwk7QAA,M. Green AC and Heating LLC,Vendor - Field Service,Approved,m.greenairconditioning@yahoo.com,2,Maurice Green; Bonnie Green,m.greenairconditioning@yahoo.com; m.greenairconditioning@yahoo.com,0034V00002kiujDQAQ; 0034V00002kivjgQAA
0014V00001rhgVaQAI,Elvis Reyes,Vendor - Field Service,,,1,Elvis Reyes,elvisreyes1991@hotmail.com,0034V00002nJKiRQAW
0014V00001rhjfgQAA,Mansa Remodeling Services,Vendor - Field Service,,frcarias1224@yahoo.com,1,Sara Martinez,smartinez388@gmail.com,0034V00002nJWDCQA4
0014V00001sK5XEQA0,DO NOT USE Jovan Gerardo Lopez-Lopezi,Vendor - Field Service,,lopezjovan72@gmail.com,0,,,
0014V00001sKCV2QAO,Clean A to Z,Vendor - Field Service,,cleana-z@outlook.com,2,Chris Martinez; Natasha Martinez,cleana-z@outlook.com; cleana-z@outlook.com,0034V00002c2FYsQAM; 0034V00002c2T0QQAU
0014V00001sKUDjQAO,Miguel Resendiz,Vendor - Field Service,,,1,Miguel Resendiz,resendizpainting1@gmail.com,0034V00002c2bJ9QAI
0014V00001sKnkyQAC,Michael Walker,Vendor - Field Service,,support@onrenovators.com,1,Mike Walker,support@onrenovators.com,0034V00002c30jlQAA
0014V00001sKq0FQAS,Jezrrel Lopez,Vendor - Field Service,,jezrrellopez@gmail.com,1,Maria Lopez,lortizeliza@gmail.com,0034V00002c33h3QAA
0014V00001sL459QAC,C&R Services,Vendor - Field Service,,cnrsrcvs@gmail.com,2,Hector Castillo; Omero Ramos,cnrsrvcs@gmail.com; cnrsrvcs@gmail.com,0034V00002c3LemQAE; 0034V00002kj5MlQAI
0014V00001sL49kQAC,Sheldon Saltclah,Vendor - Field Service,,,1,Sheldon Saltclah,sheldons@design-roofing.com,0034V00002c3LmgQAE
0014V00001sL8UTQA0,Clog Hogs LLC,Vendor - Field Service,Approved,cloghogs@yahoo.com,1,Clog Hogs,cloghogs@yahoo.com,0034V00002c3R42QAE
0014V00001sLBCYQA4,DB & Sons Paving,Vendor - Field Service,,,1,DB Sons,nadiaortiz156@gmail.com,0034V00002c3UEmQAM
0014V00001zu3pPQAQ,"Novus Homes, LLC",Vendor - Field Service,,,1,Aaron Spurgeon,aaron@novushomes.co,0034V00002nKEvZQAW
0014V00001zuBXVQA2,Francisco Martinez,Vendor - Field Service,,smartinez3705@gmail.com,1,Francisco Martinez,smartinez3705@gmail.com,0034V00002nKOSbQAO
0014V00001zus92QAA,Vito Biondo,Vendor - Field Service,,sassbiondo@sbcglobal.net,1,Vito Biondo,vitobiondosewer@gmail.com,0034V00002nLKXJQA4
0014V00001zvYDpQAM,DO NOT USE- K R P Holdings LLC,Vendor - Field Service,Approved,info@thecrackwizard.com,0,,,
0014V000021NxoLQAS,Oscar Painting,Vendor - Field Service,,,0,,,
0014V00002EDbYVQA1,DO NOT USE Jaira Vasquez Lorenzo,Vendor - Field Service,,jairajulissav25@gmail.com,0,,,
0014V00002Iw7bjQAB,24 Hour EMERGENCY  Services  and Make Readies,Vendor - Field Service,,coxjohn7@yahoo.com,1,John Cox,coxjohn7@yahoo.com,0034V00003Hl6sYQAR
0014V00002IwZ8JQAV,Abcotts Chimney Service,Vendor - Field Service,,sherisherisherig@gmail.com,1,Sheri Godin,sherisherisherig@gmail.com,0034V00003HlvsVQAR
0014V00002IweozQAB,Pedro Luis Alvarez Machado,Vendor - Field Service,,pedro.fixco@gmail.com,1,Mireya Alvarez,info@fixco.com,0034V00003Hm6NMQAZ
0014V00002Iwjp3QAB,Samsonite Painting & More LLC,Vendor - Field Service,,samsonitepaintingandmore@gmail.com,1,Shirley M Johnson,samsonitepaintingandmore@gmail.com,0034V00003HmGCbQAN
0014V00002IwqdeQAB,Infinite Glass LLC,Vendor - Field Service,,infinityglasscompany@aol.com,1,Linda Alaniz,infinityglasscompany@aol.com,0034V00003HmSPmQAN
0014V00002IxBGoQAN,DO NOT USE Jonathan Dawson,Vendor - Field Service,,pickdaddysllc@gmail.com,0,,,
0014V00002IxQnPQAV,Central Air STL,Vendor - Field Service,,,1,CentralAir STL,info@centralairstl.com,0034V00003HnT9rQAF
0014V00002Ixd6pQAB,ADM Tree Services LLC,Vendor - Field Service,,admtreeservicesar@gamil.com,1,Adrian Alexander,admtreeservicesar@gmail.com,0034V00003HnyNiQAJ
0014V00002IyTr2QAF,Wilfredo Gomez,Vendor - Field Service,Approved,katherine.schenck@gmail.com,1,Wilfredo Gomez,heshbron@gmail.com,0034V00003m0cheQAA
0014V000033mR3iQAE,Ana Enciso,Vendor - Field Service,Waiting for Approval,anaenciso63@yahoo.com,0,,,
0014V000033mVGWQA2,Victor Rene Aguilar Bravo,Vendor - Field Service,Approved,bravoaguilar29@gmail.com,1,Victor Aguilar,bravoaguilar29@gmail.com,0034V00003vlrQkQAI
0014V000033mVHAQA2,DO NOT USE Douglas A Quinteros Iraheta,Vendor - Field Service,,kinterosdouglas@gmail.com,0,,,
0014V000033mje5QAA,Vanessa Dodd,Vendor - Field Service,,,1,Vanessa Dodd,vdodd@airtechofhouston.com,0034V00003vmAW3QAM
0014V000033obTjQAI,Sunshineroofingok.com,Vendor - Field Service,,skyfuller.sales@gmail.com,1,Skyler Fuller,skyfuller.sales@gmail.com,0034V00003vojILQAY
0014V0000356g8dQAA,Chimney Exchange,Vendor - Field Service,,,1,Victor Imgarten,victor@cleansweep.com,0034V00003m1ucXQAQ
0014V0000356hgBQAQ,R & R Contractors of SA LLC,Vendor - Field Service,,benja92_rey@yahoo.com,1,Benjamin Reyes,benja92_rey@yahoo.com,0034V00003m1x26QAA
0014V0000356hkAQAQ,Tygre Roofing and Construction,Vendor - Field Service,,tygreroofing@gmail.com,1,Dwayne Yarbrough,tygreroofing@gmail.com,0034V00003m1x9XQAQ
0014V0000356hlnQAA,Carlos Painting LLC,Vendor - Field Service,,,1,Carlos Parada,cmobilehr@gmail.com,0034V00003m1xBSQAY
0014V0000356huiQAA,Zavalapaint,Vendor - Field Service,,,1,Ismael Sanchez,sanchezismael963@gmail.com,0034V00003m1xR2QAI
0014V0000356ktoQAA,Juárez painting and drywall,Vendor - Field Service,,,1,Sebastian Juarez,juarezpainting1982@gmail.com,0034V00003m20wWQAQ
0014V0000356ku3QAA,Beetz Plumbing Company Inc,Vendor - Field Service,,,1,Bob Beetz,rwb@beetzplumbing.com,0034V00003m20xAQAQ
0014V0000356kuIQAQ,Omega Plumbing Co.,Vendor - Field Service,,,1,Patti Zz,omegaplumbing@spcgolbal.net,0034V00003m20xeQAA
0014V0000356kuSQAQ,El Linder,Vendor - Field Service,,,1,Juan Manuel Martinez,ellidercarpetpaint@yahoo.com,0034V00003m20xtQAA
0014V0000356kumQAA,DO NOT USE - ER Enterprise LLC,Vendor - Field Service,,laurenjeason@gmail.com,1,Lauren Eason,erhomeandlawnllc@gmail.com,0034V00003m20xuQAA
0014V0000356kuwQAA,Adam stark,Vendor - Field Service,,,1,Adam stark,stark.adam77@gmail.com,0034V00003m20xfQAA
0014V0000356kvGQAQ,Elliot Landscape and Management,Vendor - Field Service,,,1,Chase Elliot,chase@elliottlm.com,0034V00003m2175QAA
0014V0000356kvLQAQ,E & A Painting Pros,Vendor - Field Service,,ebrahim.abusaad@gmail.com,1,Atlanta Abusaad,ena.paintingpros@gmail.com,0034V00003m217FQAQ
0014V000035UKaiQAG,Amy Mendez,Vendor - Field Service,,,1,Amy Mendez,amymendezj10@gmail.com,0034V00003vUQT9QAO
0014V000035UKlPQAW,TY Services LLC,Vendor - Field Service,,,1,Tyson Scates,tywonls@gmail.com,0034V00003vUQlhQAG
0014V00003LcLVXQA3,Gallio Garcia,Vendor - Field Service,,gallio@southlakehandyman.org,1,Gallio Garcia,gallio@southlakehandyman.org,0034V000048c1pNQAQ
0014V00003LcfdPQAR,DO NOT USE Graciela Acosta,Vendor - Field Service,,gracielaacosta1994@gmail.com,0,,,
0014V00003Ld06nQAB,Jeremy’s Chimney Sweep,Vendor - Field Service,,,1,Jeremy Hyatt,jeremychimneysweep@gmail.com,0034V000048csmxQAA
0014V00003e3wdLQAQ,O&L Homes,Vendor - Field Service,Approved,leslievnunez@gmail.com,1,Leslie Nunez,onl.painters@gmail.com,0034V00004OdTjuQAF
0014V00003j9rFRQAY,The Clean Co.,Vendor - Field Service,,,1,Garret Marsh,thecleanco.23@gmail.com,0034V00004VJpbxQAD
0014V00003j9zGsQAI,H & W Painting,Vendor - Field Service,,,1,Clarence Harvey,umontague@yahoo.com,0034V00004VJyksQAD
0014V00003j9zHMQAY,Red Oak Contractor LLC,Vendor - Field Service,Approved,juanacosta87@gmail.com,1,Heidi DORMES,juanacosta87@gmail.com,0034V00004VJylRQAT
0014V00003rGzyaQAC,Montoya Roofing LLC,Vendor - Field Service,,montoyaroofing84@gmail.com,1,Jesus Montoya,montoyaroofing84@gmail.com,0034V00004Z808EQAR
0014V00003rHNmSQAW,Arbor Contract Carpet Inc.,Vendor - Field Service,,accounting-west@realfloors.com,1,Chris Lagasse,chris.lagasse@realfloors.com,0034V00004Z8dtNQAR
0014V00003zXvH4QAK,"Lee Plumbing, Heat & Air, Electrical",Vendor - Field Service,,mclark@leeworksok.com,1,Steve Robinett,mclark@leeworksok.com,0034V00004hL87aQAC
0014V000040Hkt2QAC,Rene Pinero,Vendor - Field Service,,reneantonio_78@yahoo.com,1,Rene Pinero,reneantonio_78@yahoo.com,0034V00004mbt7bQAA
0014V00004Ccrf2QAB,Alfredo Garcia,Vendor - Field Service,,,1,Alfredo Garcia,alina@northtexasfamilyremodeling.com,0034V00004vDH51QAG
001PZ0000037wgjYAA,DO NOT USE A&M TREE SERVICES LLC,Vendor - Field Service,,,0,,,
001PZ0000041XPUYA2,Plumb Crazy Plumbing,Vendor - Field Service,,,1,Johnny Martin,plumbcrazyplumbinginc@gmail.com,003PZ0000043zzCYAQ
001PZ000005NJogYAG,Brian Sibrian,Vendor - Field Service,,,1,Brian Sibirian,briansibrian21@gmail.com,003PZ000005RiriYAC
001PZ0000082b5KYAQ,Simpli Clean,Vendor - Field Service,,,1,Sean Na,sean@simpliclean.net,003PZ000008ACkrYAG
001PZ00000AUvcfYAD,A&D Construction,Vendor - Field Service,Approved,adconstru.24@gmail.com,1,Betsabeth Olguin,rodriguezbetsi@gmail.com,003PZ00000As9GfYAJ
001PZ00000AbuqNYAR,P & A Construction LLC,Vendor - Field Service,,pa.construction3@gmail.com,1,Juan Ayala,juandayala777@gmail.com,003PZ00000AzbOHYAZ
001PZ00000AkRdVYAV,All Hands Handyman,Vendor - Field Service,,,1,Johnathon Ross,dfwperfectwashservices@gmail.com,003PZ00000B8RXmYAN
001PZ00000Ao8Y3YAJ,Peace Renovations & Construction,Vendor - Field Service,,,1,Frederick Peace,bjd.buildersllc@gmail.com,003PZ00000BCP5yYAH
001PZ00000Ao9NaYAJ,"Long Time Plumbing Repair, LLC",Vendor - Field Service,,,1,Kody Long,office@longtimeplumbing.com,003PZ00000BCRvnYAH
001PZ00000AoCMtYAN,Target Lawn Care,Vendor - Field Service,,,1,Willie L. Toeran,wltoeran55@gmail.com,003PZ00000BCNLzYAP
001PZ00000AoLWaYAN,Alabama Cooling and Heater,Vendor - Field Service,,,1,Coleston Jones,coleston@alacool.online,003PZ00000BCRJ6YAP
001PZ00000AshLZYAZ,AIG Texas Remodeling,Vendor - Field Service,,,1,Antonio Isidro,aig.texas.remodeling@gmail.com,003PZ00000BGavEYAT
001PZ00000B2iQFYAZ,Christina Moore,Vendor - Field Service,,,1,Christina Moore,allisonemoore@yahoo.com,003PZ00000BR2KVYA1
001PZ00000B6lZCYAZ,Dentley’s Services,Vendor - Field Service,,,1,Darren Dentley,dentleys07@att.net,003PZ00000BVLGTYA5
001PZ00000BTL9HYAX,Reymundo Gomez Perez,Vendor - Field Service,,ojreymundo@gmail.com,1,Gina Gomez,glpaintingcontractors@gmail.com,003PZ00000BsPpjYAF
001PZ00000By1hGYAR,Esteban Villegas,Vendor - Field Service,,,1,Esteban Villegas,evillegas214.ev@gmail.com,003PZ00000CRHnSYAX
001PZ00000C7SVJYA3,Donnie Owens,Vendor - Field Service,,,1,Donnie Owens,donnieo443@gmail.com,003PZ00000Cau82YAB
001PZ00000C7UthYAF,Jmayntenance Handyman Services,Vendor - Field Service,,,1,Justin Maynard,jmay8840@gmail.com,003PZ00000Cb4c1YAB
001PZ00000C7VGHYA3,Well do it handyman services,Vendor - Field Service,,,1,Jeff Davis,wdihandyman@yahoo.com,003PZ00000Cas1QYAR
001PZ00000C7VplYAF,Rafael Monasterio,Vendor - Field Service,,,1,Rafael Monasterio,ram003@morningside.edu,003PZ00000Cb0wcYAB
001PZ00000CFzU9YAL,R L Remodeling,Vendor - Field Service,,,1,Roguel Loera,roguelloera20@gmail.com,003PZ00000Ck9cUYAR
001PZ00000CrHWwYAN,Jairo Noe Velasquez Palma,Vendor - Field Service,,jairovelasquezpalma@gmail.com,1,Jairo Velasquez,jairovelasquezpalma@gmail.com,003PZ00000DMfLCYA1
001PZ00000D2BvzYAF,L & R Remodeling LLC,Vendor - Field Service,,,1,Luis Salgeruo,luisrober0207@gmail.com,003PZ00000DWZclYAH
001PZ00000DDqR8YAL,Y & A Remodeling,Vendor - Field Service,Approved,yaremodeling17@gmail.com,1,Alfredo Ponce,yaremodeling17@gmail.com,003PZ00000DiFyLYAV
001PZ00000DPp1gYAD,Danny Wright,Vendor - Field Service,Waiting for Approval,wright_dan@sbcglobal.net,1,Danny Wright,wright_dan@sbcglobal.net,003PZ00000DuGKSYA3
001PZ00000DXDjmYAH,Barefoot Oasis Inc,Vendor - Field Service,,sjanko@synergymachining.com,1,Shamus Janko,sjanko@synergymachining.com,003PZ00000E1YywYAF
001PZ00000DfDppYAF,Blueth LLC,Vendor - Field Service,,,1,Jorge Vargas,inflobluethllc@gmail.com,003PZ00000E9zozYAB
001PZ00000Dijq9YAB,Rina Marisol Martinez Vasquez,Vendor - Field Service,,rinamartinezrmmv61@gmail.com,2,Ricardo Wilfredo Palma; Rina Marisol Martinez-Vasquez,richartapia115@gmail.com; rinamartinezrmmv61@gmail.com,003PZ00000EDeXVYA1; 003PZ00000EDgRJYA1
001PZ00000DniZtYAJ,TF Consultants LLC,Vendor - Field Service,,ccruz@txfconsultants.com,1,Carlos Cruz,ccruz@txfconsultants.com,003PZ00000EIBZnYAP
001PZ00000E3Ou6YAF,Affordable Irrigation,Vendor - Field Service,,tina.wolv@att.net,1,Kristina Wolverton,tina.wolv@att.net,003PZ00000EYdjiYAD
001PZ00000E3dcjYAB,Busy Bee Carpet Cleaners,Vendor - Field Service,,,1,Ryan Faterkowski,ryan_busybeecarpetsteamers@yahoo.com,003PZ00000EYIn6YAH
001PZ00000E3iHNYAZ,Edward Hairston,Vendor - Field Service,,,1,Edward Hairston,golwhitee@gmail.com,003PZ00000EYJhyYAH
001PZ00000E6UZqYAN,Beers HVAC,Vendor - Field Service,,,1,Niles Beers,beershvac@yahoo.com,003PZ00000EbxVhYAJ
001PZ00000E6kQ3YAJ,Sims HVAC Inc,Vendor - Field Service,Approved,simshvac@icloud.com,1,Isa Abdlrasul,simshvac@icloud.com,003PZ00000Ebs3DYAR
001PZ00000E7hbMYAR,Crowe Heating and Air Inc,Vendor - Field Service,,diane@crowehvac.com,1,Richard Crowe,rcrowe@crowehvac.com,003PZ00000EceneYAB
001PZ00000EFpyKYAT,SCCS Roofing & Construction,Vendor - Field Service,,,1,Leah Peel,leahpeel883@yahoo.com,003PZ00000ElD1pYAF
001PZ00000EFsUkYAL,Z and C Flooring,Vendor - Field Service,,,1,Zenon Loredo,zenonloredo93@icloud.com,003PZ00000ElFhuYAF
001PZ00000EwKrMYAV,Landers Plumbing,Vendor - Field Service,,,1,Meredith Tracy,meredith@landersplumbing.net,003PZ00000FSyiJYAT
001PZ00000EwN1HYAV,PowerKeys Locksmith LLC,Vendor - Field Service,,info@powerkeyslocksmith.com,1,David Martinez,info@powerkeyslocksmith.com,003PZ00000FT2kCYAT
001PZ00000Ewb3xYAB,Duartes Masonry,Vendor - Field Service,,ymmjose@icloud.com,2,Jose Juan Duarte; Jose Duartes,ymmjose@icloud.com; castgods@icloud.com,003PZ00000FSwTSYA1; 003PZ00000FTJjNYAX
001PZ00000FDcOjYAL,Soto Remodeling,Vendor - Field Service,,,1,Lorenzo Garcia,lorenzogarcia.091573@gmail.com,003PZ00000FkuujYAB
001PZ00000FRVNJYA5,"Smak Construction Co, LLC",Vendor - Field Service,,smakconco@gmail.com,1,Azan Medard,smakconco@gmail.com,003PZ00000Fz8hgYAB
001PZ00000FReopYAD,Julian Sanchez,Vendor - Field Service,,,1,Crystal Sanchez,c_bravo@yahoo.com,003PZ00000FzmofYAB
001PZ00000FRj8YYAT,Four Seasons Cleaning Service,Vendor - Field Service,Approved,fourseason113@gmail.com,1,Maria Morfin,fourseason113@gmail.com,003PZ00000Fzi8SYAR
001PZ00000FRnwrYAD,F & H Legacy Landscaping,Vendor - Field Service,,,1,Tavares Folks,folks911@gmail.com,003PZ00000FzSA9YAN
001PZ00000FSc9rYAD,Amber Arris,Vendor - Field Service,Approved,bamber2009@gmail.com,1,Amber Arris,bamber2009@gmail.com,003PZ00000G12WPYAZ
001PZ00000FX7qDYAT,Amped Home Services,Vendor - Field Service,,taylor@ampedhomeservices.com,1,Taylor Davis,ampedhomeservices@gmail.com,003PZ00000G4xlHYAR
001PZ00000FX98vYAD,Juan Carlos Garcia Munoz,Vendor - Field Service,Approved,jjgarcia99@myyahoo.com,1,Juan Carlos Garcia-Munoz,jjgarcia99@myyahoo.com,003PZ00000G579MYAR
001PZ00000Fd60DYAR,Five Star Plumbing Services LLC,Vendor - Field Service,,plumbingservicesfivestar@gmail.com,1,Christopher Humphrey,plumbingservicesfivestar@gmail.com,003PZ00000GBP6lYAH
001PZ00000FiQarYAF,Jamar T Jenkins,Vendor - Field Service,,ajpaintingandrepairs@gmail.com,1,Jamar Jenkins,ajpaintingandrepairs@gmail.com,003PZ00000GGMJZYA5
001PZ00000FiQr0YAF,Ideal Home Improvement,Vendor - Field Service,,,1,Ari Vazquez,ari.michael12@gmail.com,003PZ00000GGHv4YAH
001PZ00000FrkkDYAR,Moreno Pro Painting LLC,Vendor - Field Service,Approved,morenopropainting@gmail.com,1,Bianca Romero,morenopropainting@gmail.com,003PZ00000GPAb4YAH
001PZ00000GApuVYAT,Power Fox Construction,Vendor - Field Service,Approved,powerfoxconstruction@yahoo.com,1,Ian Ayres,powerfoxconstruction@yahoo.com,003PZ00000GkrWVYAZ
001PZ00000GCKwKYAX,Luis Gerardo Ramirez Infante,Vendor - Field Service,,ramirezsolanesconstruction@gmail.com,1,Luis Ramirez,ramirezsolanesconstruction@gmail.com,003PZ00000Gm2o0YAB
001PZ00000GCNanYAH,Hosmany Adrian Chavez Maldonado,Vendor - Field Service,Approved,hosmanychavez90@icloud.com,1,Hosmany Chavez,hosmanychavez90@icloud.com,003PZ00000GmE7YYAV
001PZ00000GYkvHYAT,LB PB,Vendor - Field Service,Approved,clarksville@thepatchboys.com,1,Ireland Lutz,clarksville@thepatchboys.com,003PZ00000H8r3nYAB
001PZ00000GyGYgYAN,Skyward HVAC & Plumbing,Vendor - Field Service,,contactus@callskyward.com,1,Jeremiah Scurlock,jeremiah.scurlock@callskyward.com,003PZ00000HYl7jYAD
001PZ00000GyKkLYAV,Air Outlook Inc,Vendor - Field Service,Approved,jeffrey@airoutlookinc.com,1,Kayla King,kayla@airoutlookinc.com,003PZ00000HYmBsYAL
001PZ00000H3C69YAF,Yazmary Inez Marte,Vendor - Field Service,Approved,ymarte550@gmail.com,1,Yazmary Marte,ymarte550@gmail.com,003PZ00000HeDZSYA3
001PZ00000HEKt7YAH,Skylar Moore,Vendor - Field Service,,,1,Skylar Moore,mooremilesllc@gmail.com,003PZ00000Hppy3YAB
001PZ00000HFEPAYA5,Emanuel Salvador Molina Mederos,Vendor - Field Service,,emanuelmederos311@gmail.com,1,Emanuel Molina,eemanuelmederos311@gmail.com,003PZ00000HrOidYAF
001PZ00000HFs00YAD,Daniel Melara,Vendor - Field Service,,danielmelara16@gmail.com,1,Daniel Melara,danielmelara16@gmail.com,003PZ00000HrnvFYAR
001PZ00000HG6ajYAD,One Mami and a Mop,Vendor - Field Service,,,1,Amelia Garcia,garcia.amelia.89@gmail.com,003PZ00000HrlocYAB
001PZ00000HJsREYA1,"Plumbing Now, LLC",Vendor - Field Service,,jaime@jimsplumbingnow.com,1,Jaime Gage,jaime@jimsplumbingnow.com,003PZ00000HvfsiYAB
001PZ00000HKGEvYAP,Raynor Maintenance,Vendor - Field Service,,rashadraynor@gmail.com,1,Rashad Raynor,rashadraynor@gmail.com,003PZ00000HvameYAB
001PZ00000HRrPpYAL,"Ebert Companies, LLC",Vendor - Field Service,,info@bathrefinishingresource.com,1,Adam Ebert,info@bathrefinishingresource.com,003PZ00000I3M4vYAF
001PZ00000HXfMEYA1,Keeping Cost-Low LLC,Vendor - Field Service,,,1,Jesse Costlow,costlowllc@gmail.com,003PZ00000I9RD9YAN
001PZ00000Hh281YAB,JYE REMODELING,Vendor - Field Service,,jye.remodeling1218@gmail.com,1,Jafeth Rodriguez,jafeth.rodriguez10@gmail.com,003PZ00000IGnk5YAD
001PZ00000Hv8ISYAZ,Brandon Martin,Vendor - Field Service,,,1,Brandon Martin,brandon.martin@mytownroofing.com,003PZ00000IVPRBYA5
001PZ00000HzGzGYAV,Shepherd Construction & Remodeling LLC,Vendor - Field Service,,,1,Jose Garcia,jg.shepherdconstructionsllc@gmail.com,003PZ00000IZZQWYA5
001PZ00000HzHSIYA3,Joe Gomez,Vendor - Field Service,,,1,Joe Gomez,jlopez7733.jl@gmail.com,003PZ00000IZhW3YAL
001PZ00000HzV8NYAV,Santos Ochoa,Vendor - Field Service,,,1,Santos Ochoa,ochoasantos31c@gmail.com,003PZ00000IZilOYAT
001PZ00000I5tzKYAR,Anthony Michael Cesar,Vendor - Field Service,Approved,anthonycesar898@gmail.com,1,Anthony Michael Cesar,anthonycesar898@gmail.com,003PZ00000IgmKRYAZ
001PZ00000IIy5VYAT,DFX,Vendor - Field Service,,,1,Cameron Meador,cameron.meador@dfxrepair.com,003PZ00000IwGN1YAN
001PZ00000IJE6lYAH,Hargrove Roofing and Construction,Vendor - Field Service,,j.mccormack@hargroveroofing.com,1,Joni McCormack,j.mccormack@hargroveroofing.com,003PZ00000Iw58OYAR
001PZ00000IJPd3YAH,Next Level Housing and Renovation LLC,Vendor - Field Service,,,1,Kelvin Parker,kparker@kpconstructiontx.com,003PZ00000Iw6PNYAZ
001PZ00000IJQ9MYAX,DEC Fire and Water Restoration,Vendor - Field Service,,,1,CJ Payton,cjpayton@decconstruction.com,003PZ00000IwK2PYAV
001PZ00000IJQHNYA5,Marquis Maintenance,Vendor - Field Service,,,1,Clifton Croy,cliff.marquis@gmail.com,003PZ00000Iw0iMYAR
001PZ00000IcygkYAB,Rojelio Garza (HOU),Vendor - Field Service,,preferredelectricsvc@gmail.com,1,Rojelio Garza,preferredelectricsvc@gmail.com,003PZ00000JGdQmYAL
001PZ00000J1g77YAB,J & M Construction,Vendor - Field Service,,jmconstruction2671@gmail.com,1,Juan Martinez,jmconstruction2671@gmail.com,003PZ00000JflCvYAJ
001PZ00000J2xSWYAZ,Rafael Gonzalez (LIT),Vendor - Field Service,,rdvg7188@gmail.com,1,Rafael Gonzales,rdvg7188@gmail.com,003PZ00000Jh1sLYAR
001PZ00000JApCrYAL,Roto-Rooter and Drain Service FTW,Vendor - Field Service,,,1,Kimberly Branum,kj.rotofw@flash.net,003PZ00000Jp3CGYAZ
001PZ00000JEuQnYAL,D & R Quality Fencing and Remodeling LLC,Vendor - Field Service,,,1,Dalia Prieto,dnr4930@gmail.com,003PZ00000JsxWaYAJ
001PZ00000JUUsHYAX,Exquisite Construction Inc,Vendor - Field Service,Approved,exquisiteinc07@gmail.com,1,Oscar Flores-Rodriguez,exquisiteinc07@gmail.com,003PZ00000K8goFYAR
001PZ00000JYwmbYAD,J Electric & HVAC,Vendor - Field Service,,,1,Jarvis Spencer,spencer.jarvis@yahoo.com,003PZ00000KDG9uYAH
001PZ00000JZ6cHYAT,A&R Flooring and Remodeling LLC,Vendor - Field Service,,,1,Luis Astorga,drinkgraff@gmail.com,003PZ00000KD82sYAD
001PZ00000JcTWAYA3,"Appling Plumbing Services, LLC",Vendor - Field Service,,,1,Nathan Appling,applingplumbing901@gmail.com,003PZ00000KGpO4YAL
001PZ00000JrnZBYAZ,Marcos Manzano,Vendor - Field Service,,,1,Marcos Manzano,alexismanzano90@gmail.com,003PZ00000KWIG1YAP
001PZ00000Jsj0bYAB,T & G Home Solutions,Vendor - Field Service,,,1,Andrea Tapia,altapia_@hotmail.com,003PZ00000KXCBoYAP
001PZ00000JvN9tYAF,"Subcooling Services, LLC",Vendor - Field Service,,subcoolingservices@yahoo.com,1,Corey Lemons,subcoolingservices@yahoo.com,003PZ00000KZdcVYAT
001PZ00000Jw99hYAB,WHC Plumbing,Vendor - Field Service,,,1,Glen Walker,whcplumbingllc@gmail.com,003PZ00000KaLXEYA3
001PZ00000KSWEVYA5,Pavon Tree Service & Landscaping,Vendor - Field Service,,,1,Jose Pavon,josepn33@gmail.com,003PZ00000L8atSYAR
001PZ00000KSWWAYA5,Sub Zero Services,Vendor - Field Service,,,1,Julian Martinez,subzeroservices7@gmail.com,003PZ00000L8QStYAN
001PZ00000KSb7iYAD,Marco Antonio Gonzalez,Vendor - Field Service,Approved,mg1866350@gmail.com,1,Marco Antonio Gonzalez,mg1866350@gmail.com,003PZ00000L8Rv3YAF
001PZ00000KSjLHYA1,First Class Remodeling,Vendor - Field Service,,,1,Calisto Guillen,guillencalixto51@gmail.com,003PZ00000L8XZ4YAN
001PZ00000KSjMsYAL,Luis Pineda,Vendor - Field Service,,nahunsalgado18@gmail.com,1,Luis Pineda,eduardy8592@hotmail.com,003PZ00000L8TKHYA3
001PZ00000Kc9JlYAJ,Remodelaciones Tina LLC,Vendor - Field Service,,,1,Agustina Portilla,agustinaportilla@gmail.com,003PZ00000LIbfUYAT
001PZ00000L2BzNYAV,Drywall Sanchez,Vendor - Field Service,,,1,Kevin Sanchez-Rivera,ks3601561@gmail.com,003PZ00000LmmPhYAJ
001PZ00000L9wogYAB,Alex Swift,Vendor - Field Service,,,1,Alex Swift,alex@swifthomesolutions.com,003PZ00000LvKVlYAN
001PZ00000LDnlJYAT,Local Electric LLC,Vendor - Field Service,,jamparan@localelectri901.com,1,Aaron Smith,asmith@localelectric901.com,003PZ00000LzAJJYA3
001PZ00000LDrthYAD,Central Wave Heating and Cooling,Vendor - Field Service,,,1,Omar Jaber,jaberomar1988@gmail.com,003PZ00000LyrTkYAJ
001PZ00000LDtH8YAL,Purified Cleaning Solutions LLC,Vendor - Field Service,,ericsantellana@purifiedcleaningsolutions.com,1,Eric Santellana,ericsantellana@purifiedcleaningsolutions.com,003PZ00000LytaYYAR
001PZ00000LPUmvYAH,Air Duts Ruben,Vendor - Field Service,,,1,Ruben Figueroa,rubenf32@gmail.com,003PZ00000MBgnLYAT
001PZ00000LPY4AYAX,Joshua Rivera,Vendor - Field Service,,,1,Joshua Rivera,joshua.rivera2018@gmail.com,003PZ00000MBes8YAD
001PZ00000LWy8DYAT,Montenegro Electrical Contractors and Associates LLC,Vendor - Field Service,,,1,Osvaldo Montenegro,osvaldomontenegro8989@gmail.com,003PZ00000MJLwwYAH
001PZ00000LXAcWYAX,Javier Montoya,Vendor - Field Service,,,1,Javier Montoya,pollo12montoya@gmail.com,003PZ00000MJf2nYAD
001PZ00000LvmzwYAB,Antonio Garcia Laredo,Vendor - Field Service,,,1,Antonio Garcia-Laredo,toni_12garcia@icloud.com,003PZ00000MjE0xYAF
001PZ00000MDuOJYA1,Bright House Cleaning & Landscaping LLC,Vendor - Field Service,,lilimunicipal@gmail.com,1,Jonathan Radilla,lilimunicipal@gmail.com,003PZ00000N3Vv2YAF
001PZ00000MDyF9YAL,Green Valley Tree Service,Vendor - Field Service,,,1,Wilmer Portillo,wilmerapv1994@gmail.com,003PZ00000N3giGYAR
001PZ00000MDyLMYA1,Robert Concrete,Vendor - Field Service,,roberto.concrete256@gmail.com,1,Roberto Castilla,roberto.concrete256@gmail.com,003PZ00000N3XK5YAN
001PZ00000ME024YAD,LBD Homes LLC,Vendor - Field Service,,,1,Brian Sibrian,austin@lbdconstruction.com,003PZ00000N3b7TYAR
001PZ00000ME2WnYAL,Prolift Garage Doors,Vendor - Field Service,,,1,Charizee Razon,kellerinfo@proliftdoors.com,003PZ00000N3ZLpYAN
001PZ00000ME6QjYAL,"Hargrove Roofing, LLC",Vendor - Field Service,,,1,Abby Benning,abbyb@hargroveroofing.com,003PZ00000N3eRzYAJ
001PZ00000ME8NdYAL,Mayt Construction & General Services LLC,Vendor - Field Service,,,1,Maytheder Valdes-Valle,mayt.cgs@gmail.com,003PZ00000N3f6DYAR
001PZ00000ME8XTYA1,Happy Home Handyman,Vendor - Field Service,,,1,Jared Roberts,genesisone12@gmail.com,003PZ00000N3jpuYAB
001PZ00000MHyJHYA1,Daryl Wilson Beaman,Vendor - Field Service,,dwbeaman@icloud.com,1,Daryl Beaman,dwbeaman@icloud.com,003PZ00000N7cbEYAR
001PZ00000Mp0ZMYAZ,Citilink LLC,Vendor - Field Service,,,1,Hasan Agicic,citihvac@gmail.com,003PZ00000Ney0JYAR
001PZ00000MtEakYAF,Guess Investments,Vendor - Field Service,,kilemills54@gmail.com,1,Kile Mills,kilemills54@gmail.com,003PZ00000NjgvdYAB
001PZ00000MxXbKYAV,Kunkel Plumbing,Vendor - Field Service,,,1,George Kunkel,kunkelplumbing@gmail.com,003PZ00000NnXquYAF
001PZ00000NF8JQYA1,Tovar Revivals,Vendor - Field Service,,johnnytovar1027@gmail.com,1,Johnny Tovar,johnnytovar1027@gmail.com,003PZ00000O6MPwYAN
001PZ00000NeqnqYAB,Oklahoma Wholesale Overhead Door LLC,Vendor - Field Service,Approved,okgaragedoorman@yahoo.com,1,Donna Roberts,donna@okwholesaledoor.com,003PZ00000OY8ADYA1
001PZ00000NfC1jYAF,Martinez Remodeling,Vendor - Field Service,,,1,Bernardo Martinez,lisandromartinez314@gmail.com,003PZ00000OX7kuYAD
001PZ00000O5o4yYAB,Juan Francisco Moreno,Vendor - Field Service,Waiting for Approval,metromaintenanc3@outlook.com,1,Juan Moreno,metromaintenanc3@outlook.com,003PZ00000P1HQPYA3
001PZ00000O5sGfYAJ,Garcia's Construction,Vendor - Field Service,,,1,Francisco Garcia,fg512561@gmail.com,003PZ00000P138mYAB
001PZ00000O5wkEYAR,Hailhouse Roofing LLC,Vendor - Field Service,,tonyrojas05@hotmail.com,1,Tony Rojas,tonyrojas05@hotmail.com,003PZ00000P1FrXYAV
001PZ00000O5xuXYAR,"S&S Septic Systems and Plumbing Services, LLC",Vendor - Field Service,,,1,Kenny Sullivan,lisa.sullivan@snsseptic.com,003PZ00000P1CDjYAN
001PZ00000O6NCcYAN,Bang It Services,Vendor - Field Service,,mike@bangitservices.net,1,Mike Villacis,mike@bangitservices.net,003PZ00000P1nRiYAJ
001PZ00000OnYnZYAV,Herman Rodas - Turcios,Vendor - Field Service,,rodasjennifer200@gmail.com,1,Jennifer Rodas,rodasjennifer200@gmail.com,003PZ00000Pk8mBYAR
001PZ00000PLuaNYAT,My Exterior Solutions LLC,Vendor - Field Service,,mason@myexteriorsolutions.com,1,Mason Robb,mason@myexteriorsolutions.com,003PZ00000QKWb4YAH
001PZ00000PLw4TYAT,Nova Concepts,Vendor - Field Service,,,1,Peyshia Ayres,nova.conceptsokc@gmail.com,003PZ00000QKQynYAH
001PZ00000PM5qgYAD,1st Choice,Vendor - Field Service,,,1,Carol Gibson,cargibs4@aol.com,003PZ00000QKYcrYAH
001PZ00000PM7R4YAL,Qualis Buyer LLC,Vendor - Field Service,,rachel@qualigc.com,1,Rachel Lamb,rachel@qualisgc.com,003PZ00000QKRI7YAP
001PZ00000PODcVYAX,Dale Austin,Vendor - Field Service,,,1,Dale Austin,daleaustin1992@gmail.com,003PZ00000QMlj5YAD
001PZ00000PS3b4YAD,Reliable Home Services,Vendor - Field Service,,,1,Josh Potter,sales@reliablehomeservicesstl.com,003PZ00000QRZCRYA5
001PZ00000PZVc8YAH,CMX Construction LLC,Vendor - Field Service,,,1,Eduardo Perez,eduardocmxconstuccion@yahoo.com,003PZ00000QY2V8YAL
001PZ00000PZogNYAT,"Richey Quality Cuts, LLC",Vendor - Field Service,,richeyquality@gmail.com,1,Latrisa Griffin,richeyquality@gmail.com,003PZ00000QYFQfYAP
001PZ00000PZsbrYAD,Jonathan Smalley,Vendor - Field Service,,,1,Jonathan Smalley,johnnysmalley@gmail.com,003PZ00000QYForYAH
001PZ00000PZvY5YAL,Green Valley Partners LLC,Vendor - Field Service,Approved,shana@greenvalleyroofers.com,1,Tanner Stinnett,tstinnett@greenvalleyroofers.com,003PZ00000QY2q7YAD
001PZ00000PpOWeYAN,McNeese Glass Co,Vendor - Field Service,,,1,Heather Jensen,mcneeseglassco@bellsouth.net,003PZ00000QnnevYAB
001PZ00000PpRrXYAV,Lalo Remodeling,Vendor - Field Service,,,1,Lalo Rodriguez,nnnnnffgh@gmail.com,003PZ00000QntE5YAJ
001PZ00000PpXGaYAN,BNG Locksmith LLC,Vendor - Field Service,Approved,bnglocksmith@gmail.com,1,Boza Ivanovic,bnglocksmith@gmail.com,003PZ00000QneOsYAJ
001PZ00000Py2qLYAR,Salguero Tree and Landscaping,Vendor - Field Service,,,1,Byron Salguero,salguerots1515@gmail.com,003PZ00000Qw3crYAB
001PZ00000QAsZhYAL,Main Drain Aquatics,Vendor - Field Service,Approved,maindrainaquatics@gmail.com,1,Christi Keaton,maindrainaquatics@gmail.com,003PZ00000RAC8VYAX
001PZ00000QBafhYAD,Clutter Ninjas LLC,Vendor - Field Service,Approved,sborne@clutterninjas.com,1,Steve Borne,sborne@clutterninjas.com,003PZ00000RAqkEYAT
001PZ00000QBk0YYAT,Extraordinary Flooring,Vendor - Field Service,,salinaslurvi@gmail.com,1,Lurbin Darlene Salinas,salinaslurvi@gmail.com,003PZ00000RB4rxYAD
001PZ00000QXP9vYAH,Charitable Roofing,Vendor - Field Service,,tyler.charitableroofing@gmail.com,1,Justin Robinson,justin.charitableroofing@gmail.com,003PZ00000RXEEMYA5
001PZ00000QXgctYAD,DO NOT USE,Vendor - Field Service,,,1,Wade Sisco,glassmanwade@aol.com,003PZ00000RX6boYAD
001PZ00000QXmWoYAL,27 Ideas and Design,Vendor - Field Service,,27ideasanddesign@gmail.com,1,Brett Josephson,27ideasanddesign@gmail.com,003PZ00000RXEpRYAX
001PZ00000R8aN7YAJ,Silverhull LLC,Vendor - Field Service,Approved,info@silverhull.com,1,Alvaro Rolando Salinas,info@silverhull.com,003PZ00000S7KbSYAV
001PZ00000R8e5dYAB,Urban Texas Pest Control LLC,Vendor - Field Service,Approved,kember@urbantexaspest.com,1,Kember Paxton Mueller,kember@urbantexaspest.com,003PZ00000S7A96YAF
001PZ00000RH1poYAD,Luxe Clean Co,Vendor - Field Service,,,1,Susana Franco,luxecleanco14@gmail.com,003PZ00000SF4BHYA1
001PZ00000RLFPVYA5,Ramirez Cleaning LLC,Vendor - Field Service,Approved,flori3670@gmail.com,1,Floridalma Ramirez,flori3670@gmail.com,003PZ00000SJ2naYAD
001PZ00000RRH72YAH,Lopez Painting,Vendor - Field Service,,,1,Juan Lopez,juanlopez4021@gmail.com,003PZ00000SOwcKYAT
001PZ00000RSVSjYAP,William Ferris,Vendor - Field Service,,admin@ferrisfinecleaning.com,1,John Ferris,admin@ferrisfinecleaning.com,003PZ00000SQFrWYAX
001PZ00000RdLv1YAF,"Neighborly, Inc.",Vendor - Field Service,,,1,Lee Downing,lee.downing@nblyhub.net,003PZ00000SbB4kYAF
001PZ00000Rh6aWYAR,Charly Lawn Care,Vendor - Field Service,,carlosdorantes007@gmail.com,1,Carlos Dorantes,dotantestolentino@icloud.com,003PZ00000Sf2sHYAR
001PZ00000Rn5yMYAR,Daniel Murray,Vendor - Field Service,,,0,,,
001PZ00000S8HYQYA3,Reinol Estupinan,Vendor - Field Service,,reinolestupinan50@gmail.com,1,Reinol Estupinan,reinolestupinan50@gmail.com,003PZ00000T8VnXYAV
001PZ00000SF2MZYA1,Nikko’s Construction LLC,Vendor - Field Service,,,1,Nikko Valladolid,nikkosconstruction918@gmail.com,003PZ00000TGSS9YAP
001PZ00000ST8DTYA1,Samuel Perez Lawn Service,Vendor - Field Service,,,1,Elizabeth Martinez,emartinez8665@gmail.com,003PZ00000TVSdeYAH
001PZ00000STM6lYAH,Friendship Tree Service,Vendor - Field Service,,,1,Anthony Tejada-Paz,antonytejada@icloud.com,003PZ00000TVKt3YAH
001PZ00000STTuYYAX,SouthWest Shingles,Vendor - Field Service,,,1,Derek Sills,dothedealsills@gmail.com,003PZ00000TVJc2YAH
001PZ00000TAcUtYAL,Goodwin Companies Inc.,Vendor - Field Service,Approved,mel@goodwin-companies.com,1,Melanie Fuller,mel@goodwin-companies.com,003PZ00000UDAY9YAP
001PZ00000TV3XIYA1,Alejandro Salinas,Vendor - Field Service,,,1,Alejandro Salinas,salinasalejandro647@gmail.com,003PZ00000UWYqDYAX
001PZ00000TbbXzYAJ,Vanessa Garcia Pena,Vendor - Field Service,Approved,simplyfreshcleaningtn@gmail.com,1,Vanessa Garcia-Pena,simplyfreshcleaningtn@gmail.com,003PZ00000UdITkYAN
001PZ00000TbxV5YAJ,Greenway Landscaping and Concrete,Vendor - Field Service,,,1,Micah Parsons,micahparsons007@gmail.com,003PZ00000UdX9LYAV
001PZ00000ToJp0YAF,Complete Construction,Vendor - Field Service,,millerscompleteconstruction@outlook.com,1,Sabrina Sartain,millerscompleteconstruction@outlook.com,003PZ00000UpvCvYAJ
001PZ00000Tro1MYAR,Local Plumbing & Mechanical LLC,Vendor - Field Service,Approved,dylan.localplumbing@gmail.com,1,Kim Dollahite,dylan.localplumbing@gmail.com,003PZ00000UtBcpYAF
001PZ00000TsBpBYAV,KP Repairs LLC,Vendor - Field Service,Approved,kprepairstn@gmail.com,1,Kaden Perkins,kprepairstn@gmail.com,003PZ00000UtUttYAF
001PZ00000TvIz6YAF,Ronnie Warren,Vendor - Field Service,,,1,Ronnie Warren,1971ronniewarren@gmail.com,003PZ00000UwZx0YAF
001PZ00000Tyo33YAB,Antonio Johnson,Vendor - Field Service,,,1,Antonio Johnson,johnsonmechanical72@outlook.com,003PZ00000UzfICYAZ
001PZ00000Tyq3CYAR,Escobar’s Cleaning Services LLC,Vendor - Field Service,Approved,escobarscleaningservice67@gmail.com,1,Sandra Escobar,escobarscleaningservice67@gmail.com,003PZ00000UzzmyYAB
001PZ00000Tz9k1YAB,Tyler Kindrex,Vendor - Field Service,,,1,Tyler Kendrix,tylerkindrex00@gmail.com,003PZ00000WVSSKYA5
001PZ00000UDg6eYAD,Shira Wilson,Vendor - Field Service,Approved,shiramariephoto@gmail.com,1,Shira Wilson,shiramariephoto@gmail.com,003PZ00000VDmRmYAL
001PZ00000UJokhYAD,Unusualz,Vendor - Field Service,,,1,Ken Fowler,tommyjohn4424@gmail.com,003PZ00000VJjpDYAT
001PZ00000UJpIfYAL,AD Flooring and Construction LLC,Vendor - Field Service,,,1,Agustin Duarte,adflooring14@gmail.com,003PZ00000VJkdFYAT
001PZ00000UJrypYAD,Kings Painting,Vendor - Field Service,,,1,Alex Reyes,kingspianting214@gmail.com,003PZ00000VJXkwYAH
001PZ00000UarsiYAB,Hacienda Enterprises Inc,Vendor - Field Service,Approved,bestcontractornow@gmail.com,1,D. Marshall,info@readyservepros.com,003PZ00000VaaERYAZ
001PZ00000Uf0uEYAR,PROlift Foundation,Vendor - Field Service,,prolifttulsa918@yahoo.com,1,Derrick Wingo,prolifttulsa918@yahoo.com,003PZ00000VeaXeYAJ
001PZ00000UoGWXYA3,"Pest & Wildlife Solvers, LLC",Vendor - Field Service,Approved,admin@pestandwildlifesolvers.com,1,George Jamison,info@pestandwildlifesolvers.com,003PZ00000VnWBPYA3
001PZ00000V8ZI8YAN,Andrea Lizeth Tapia Ayala,Vendor - Field Service,Approved,polishedpresencecleaning@gmail.com,1,Andrea Tapia,polishedpresencecleaning@gmail.com,003PZ00000W7Yp0YAF
001PZ00000VXNnFYAX,Alabama Pumper LLC,Vendor - Field Service,Approved,alabamapumper@gmail.com,1,Paula Hancock,alabamapumper@gmail.com,003PZ00000WVKcjYAH
001PZ00000VewvKYAR,Bosnic Plumbing LLC,Vendor - Field Service,,bosnicllc@yahoo.com,1,Meliha Salihovic,bosnicllc@yahoo.com,003PZ00000WcaBOYAZ
001PZ00000Vf2qfYAB,Daniel's Mowing & Landscaping,Vendor - Field Service,,,1,Daniel Snethen,heavydee23@gmail.com,003PZ00000WcmKYYAZ
001PZ00000VuR2QYAV,Diamond Quality Services,Vendor - Field Service,,smdqscorporate@gmail.com,1,Mary Beatty,smdqscorporate@gmail.com,003PZ00000WsDFlYAN
001PZ00000VuSHhYAN,The Clean Machine,Vendor - Field Service,Approved,clean-machine@sbcglobal.net,1,Bryan Barger,clean-machine@sbcglobal.net,003PZ00000WsDVtYAN
001PZ00000VugHLYAZ,Rescue Cooling Inc,Vendor - Field Service,Approved,cyoung@rescuecooling.com,1,Oscar Arias,oarias@rescuecooling.com,003PZ00000WsBDsYAN
001PZ00000VyRoIYAV,Buddy's Legacy Plumbing LLC,Vendor - Field Service,,office@buddyslegacyokc.com,1,Malia Tipton,office@buddyslegacyokc.com,003PZ00000Ww0y7YAB
001PZ00000W6jrKYAR,Under One Roof,Vendor - Field Service,,,1,Hayden Brow,haydenb@underoneroofllc.com,003PZ00000X4YsvYAF
001PZ00000WEXxlYAH,Michel Aviles Huerta,Vendor - Field Service,,emprobuilds@gmail.com,1,Michel Aviles,emprobuilds@gmail.com,003PZ00000XBlFTYA1
001PZ00000WPGiJYAX,Christopher Hester,Vendor - Field Service,Approved,cwhester3399@gmail.com,1,Chris Hester,cwhester3399@gmail.com,003PZ00000XMjDWYA1
001PZ00000XAaIiYAL,Brandon Snipes,Vendor - Field Service,Approved,info.mrhvac@gmail.com,1,Brandon Snipes,info.mrhvac@gmail.com,003PZ00000Y73NOYAZ
001PZ00000XqLrmYAF,Most Wanted Gardening,Vendor - Field Service,,,1,Seraphin Perez,mostwantedgardening@gmail.com,003PZ00000YluCwYAJ
001PZ00000Yc1ZAYAZ,Specialty Resurfacing LLC,Vendor - Field Service,Approved,specialtyresurfacing75@gmail.com,1,Vernon Cannon,specialtyresurfacing75@gmail.com,003PZ00000ZXN6cYAH
001PZ00000YqyZNYAZ,Maria Escalona Leal,Vendor - Field Service,Approved,rafaorellana19.83@gmail.com,1,Maria J Escalona Leal,rafaorellana19.83@gmail.com,003PZ00000ZmQDuYAN
001PZ00000ZlcIkYAJ,"Denton Handyman, LLC",Vendor - Field Service,,troy@thedentonhandyman.com,1,Troy Ramey,troy@thedentonhandyman.com,003PZ00000agdQ7YAI
001PZ00000a3FCOYA2,Steel Nails Roofing and Construction,Vendor - Field Service,Approved,steelnailsroofing@gmail.com,1,Dennis Nieves,nievesd80@gmail.com,003PZ00000axbDfYAI
001PZ00000aDWoaYAG,Collin Lewis Pratt,Vendor - Field Service,Approved,clp3three@icloud.com,1,Collin Lewis Pratt,clp3three@icloud.com,003PZ00000b8AI1YAM
001PZ00000aKhGzYAK,"Shepherd Electric Company, Inc",Vendor - Field Service,,,1,Megan Sizemore,info@shepherd-electric.net,003PZ00000bErvRYAS
001PZ00000aX8lIYAS,Tru Builders LLC,Vendor - Field Service,,josh@trubuilders.net,1,Josh Yohn,info@trubuilders.net,003PZ00000bRPjNYAW
001PZ00000alyDhYAI,The Best Painting LLC,Vendor - Field Service,,,1,Eduardo Velazquez,eduardo_bk@hotmail.com,003PZ00000bf9OdYAI
001PZ00000alyK9YAI,Murphy Plumbing,Vendor - Field Service,,,1,Billy Murphy,bmjr48@gmail.com,003PZ00000bf4tdYAA
001PZ00000az2I1YAI,FWD Plumbing,Vendor - Field Service,Approved,david.fwdplumbing@gmail.com,1,David Clinger,david.fwdplumbing@gmail.com,003PZ00000buLioYAE
001PZ00000b3w5bYAA,TEX Global Contractors,Vendor - Field Service,,luke@texgloblcontractors.com,1,John Beaudion,john@texglobalcontractors.com,003PZ00000byRBKYA2
001PZ00000b8Du1YAE,Carey Plumbing Company,Vendor - Field Service,,,1,Duverious Carey,info@careysplumbing.com,003PZ00000c2JFBYA2
001PZ00000bAo4oYAC,Green Wing HVAC,Vendor - Field Service,,,1,Matt Green,greenwinghvac@gmail.com,003PZ00000c4yHjYAI
001PZ00000bLfMDYA0,Maestro's Foundation Repair,Vendor - Field Service,,,1,Luis Tentzohua,gen3foundationrepair@gmail.com,003PZ00000cFo9tYAC
001PZ00000bTm4RYAS,Mr. Handyman of Huntsville,Vendor - Field Service,,huntsville@mrhandyman.com,1,Bailey McAllister,huntsville@mrhandyman.com,003PZ00000cOAzeYAG
001PZ00000bTuZXYA0,The Eagle Lawn Service,Vendor - Field Service,,,1,Porfilio Gomez,porfilioponlopez1@yahoo.com,003PZ00000cOC5OYAW
001PZ00000bmq5SYAQ,Clean Air FX,Vendor - Field Service,,cleanairfx@bellsouth.net,1,Chris Amsden,cleanairfx@bellsouth.net,003PZ00000cgdOxYAI
001PZ00000cPY82YAG,Pro-Maxx,Vendor - Field Service,,,1,Fernando Lerma,handymanpromaxx@gmail.com,003PZ00000dIoXrYAK
001PZ00000cPZj4YAG,Smiling Bubbles Cleaning Services,Vendor - Field Service,,smilingbubblescleaning@gmail.com,1,Veronica Brooks,smilingbubblescleaning@gmail.com,003PZ00000dIvawYAC
001PZ00000cPbrZYAS,"Gober Heat and Air, LLC",Vendor - Field Service,,ap@gogober.com,1,Chris Gober,goberheatandair@aol.com,003PZ00000dIleoYAC
001PZ00000cage8YAA,Newland Tree Service,Vendor - Field Service,,,1,Alex Vasquez,kevin.vasquez@icloud.com,003PZ00000dTVzoYAG
001PZ00000cteLXYAY,Miguel Solano,Vendor - Field Service,,,1,Miguel Solano,yosoymiguelnataren@gmail.com,003PZ00000dm1BRYAY
001PZ00000cti7NYAQ,"Barnes Contracting & Labor, LLC",Vendor - Field Service,Approved,barneslimitedco@gmail.com,1,Mason Barnes,barneslimitedco@gmail.com,003PZ00000dlgbrYAA
001PZ00000cxJs1YAE,Ramirez Landscaping,Vendor - Field Service,,,1,Carlos Ramirez,ramirezland2022@gmail.com,003PZ00000dpOrXYAU
001PZ00000dH3hrYAC,J & R Legacy LLC,Vendor - Field Service,,glassdoctorhuntsville@gmail.com,1,Hunter McCullough,glassdoctorhuntsville@gmail.com,003PZ00000e95MPYAY
001PZ00000dirn0YAA,Silverstone Construction LLC,Vendor - Field Service,,lgsmith58@gmail.com,1,Alex Smith,sscplumbingllc@gmail.com,003PZ00000eYeYlYAK
001PZ00000doM5KYAU,P&P Locksmith,Vendor - Field Service,,,1,David Wayman,davidwayman05@gmail.com,003PZ00000edznlYAA
001PZ00000eMdZgYAK,Alpha and Sons LLC,Vendor - Field Service,,,1,Matt Caldwell,alphawildlifemc@gmail.com,003PZ00000fCYohYAG
001PZ00000eSGXaYAO,Roger's Repair Crew and More LLC,Vendor - Field Service,,contact@rogersrepaircrew.com,1,Roger Smith,contact@rogersrepaircrew.com,003PZ00000fGgIYYA0
001PZ00000eXdvDYAS,Final Touch,Vendor - Field Service,Approved,mackmack74@yahoo.com,1,John Mack,mackmack74@yahoo.com,003PZ00000fLI2NYAW
001PZ00000f7Ut5YAE,Cabrera Flooring Specialist,Vendor - Field Service,Approved,juan.cabrera1994@yahoo.com,1,Juan Cabrera,juan.cabrera1994@yahoo.com,003PZ00000fu2SjYAI
001PZ00000gPhmOYAS,Media Vision 4U2C LLC,Vendor - Field Service,Approved,mediavision4u2c@gmail.com,1,Uberney Uribe,mediavision4u2c@gmail.com,003PZ00000hAxfZYAS
001PZ00000gQ1UyYAK,FlowMasters Drain and Plumbing Experts,Vendor - Field Service,Approved,carl@901flowmasters.com,1,Carl Owens,carl@901flowmasters.com,003PZ00000hB3eXYAS
001PZ00000gSZXRYA4,JCR Painting and Services,Vendor - Field Service,,jcr911painting@gmail.com,1,Jose Coreas,jcr911painting@gmail.com,003PZ00000hDtSgYAK
001PZ00000h0zfaYAA,"Infinity Home Services, LLC",Vendor - Field Service,,cody@callinfinity.com,1,Cody Frost,cody@callinfinity.com,003PZ00000hkUbsYAE
001PZ00000hSN96YAG,Alfredo Ortiz,Vendor - Field Service,,,1,Alfredo Ortiz,zitrobizzoffice@gmail.com,003PZ00000iB8InYAK
001PZ00000hSOYCYA4,Four Clover Services LLC,Vendor - Field Service,Approved,4cloverhsv@gmail.com,1,Dexter Smith,4cloverhsv@gmail.com,003PZ00000iBJ61YAG
001PZ00000hcdz0YAA,Brian Kendall,Vendor - Field Service,,,1,Brian Kendall,sonofacarpentercontractingllc@gmail.com,003PZ00000iJ4D6YAK
001PZ00000hlJUoYAM,"901 Delta Consulting, LLC",Vendor - Field Service,Approved,lawson@901deltacompanies.com,1,Lawson Roberts,lawson@901deltacompanies.com,003PZ00000iN8EwYAK
001PZ00000iKW9VYAW,Baseline Contracting LLC,Vendor - Field Service,Approved,office.baselinecontracting@gmail.com,1,Stephen Tomlin,office.baselinecontracting@gmail.com,003PZ00000ipD5CYAU
001PZ00000iOxIbYAK,Wilson Mitigation LLC,Vendor - Field Service,Approved,marketing@servproofbirmingham.com.com,1,Christina Duke,office@servproofbirmingham.com,003PZ00000irZ4qYAE
001PZ00000iP0WYYA0,Alonso Ibarra Rodriguez,Vendor - Field Service,Approved,aibarra2779@gmail.com,1,Alonso Rodriguez,aibarra2779@gmail.com,003PZ00000irNZxYAM
001PZ00000iQJXKYA4,David Holmes,Vendor - Field Service,,,1,David Holmes,wilsonholmesgutters@aol.com,003PZ00000isVxFYAU
001PZ00000jQzVnYAK,Bayles Construction LLC,Vendor - Field Service,Approved,kbayles3@gmail.com,1,Kyle E Bayles,kbayles3@gmail.com,003PZ00000jOUHjYAO
001PZ00000jR5MiYAK,Chittam Concrete,Vendor - Field Service,,,1,Brock Chittam,chittamaustin@gmail.com,003PZ00000jOQAqYAO
001PZ00000kxvOCYAY,Bdm Landscaping,Vendor - Field Service,,anthony@bdmlandscaping.com,1,Anthony Flores,anthony@bdmlandscaping.com,003PZ00000jxx3pYAA
001PZ00000kyLQwYAM,Milton Hernandez,Vendor - Field Service,Approved,mil24.jere@hotmail.com,1,Milton  S Hernandez,mil24.jere@hotmail.com,003PZ00000jy1qXYAQ
001PZ00000lcZBSYA2,Arredondo Group Foundation Repair,Vendor - Field Service,Approved,imfoarredondo@gmail.com,1,Derick Arredondo,derick.p.arredondo@gmail.com,003PZ00000kGjulYAC
001PZ00000nNs9lYAC,David Jensen,Vendor - Field Service,Approved,jensendave87@gmail.com,1,David Jensen,jensendave87@gmail.com,003PZ00000l4BEjYAM
001PZ00000neDP2YAM,TL Home Innovations Corp,Vendor - Field Service,Approved,,1,Rowel Tun Leon,tlhomein@gmail.com,003PZ00000lInTqYAK
001PZ00000neSmGYAU,Murray Mechanical LLC,Vendor - Field Service,,murraymechanicalal@gmail.com,1,Daniel Murray,murraymechanicalal@gmail.com,003PZ00000Sl2srYAB
001PZ00000nlSO9YAM,Joseph Cates,Vendor - Field Service,Approved,pacmyne@gmail.com,1,Joe Cates,sales@gryphonguardiangear.com,003PZ00000lMopVYAS
001PZ00000np5XsYAI,Byron Miguel Gudiel Carrera,Vendor - Field Service,Approved,,1,Byron Gudiel,byronamerica0948@gmail.com,003PZ00000lNigSYAS
001PZ00000o1XJhYAM,Truman Roofing & Construction LLC,Vendor - Field Service,Approved,trumanroofingtx@gmail.com,1,Truman Underman,trumanroofingtx@gmail.com,003PZ00000lSNcvYAG
001PZ00000ocPLdYAM,Proscape Landscaping,Vendor - Field Service,,,1,Jose Salazar,tx.proscape123@gmail.com,003PZ00000lhS4RYAU
001PZ00000octGRYAY,Milagro Del Carmen Rosa Herrera,Vendor - Field Service,Approved,milagrosrosa099@gmail.com,1,Milagros Rosa,milagrosrosa099@gmail.com,003PZ00000lhX90YAE
001PZ00000od4RyYAI,Marcelo Tecum,Vendor - Field Service,,,1,Marcelo Tecum,marcelo.tecum16@gmail.com,003PZ00000lhGHxYAM
001PZ00000od4rlYAA,Homes Remained Lawn and Landscape,Vendor - Field Service,,,1,Carlos Delorea,deloera1313@yahoo.com,003PZ00000lhjObYAI
001PZ00000pGXvcYAG,Ducky Drains LLC,Vendor - Field Service,Approved,lorraineharrisduckydrains@gmail.com,1,Lorraine Harris,lorraineharrisduckydrains@gmail.com,003PZ00000m6BqGYAU
001PZ00000pMPvGYAW,ER Painting & Remodeling,Vendor - Field Service,,,1,Edwin Reyes,edwin.r3@hotmail.com,003PZ00000m8fVVYAY
001PZ00000pRYOPYA4,Aaron Alan Pest Control Inc,Vendor - Field Service,Approved,aaronalanpestcontrol@yahoo.com,1,Joe Kitchen,aaronalanpestcontrol@yahoo.com,003PZ00000mAYfyYAG
001PZ00000qJn8vYAC,Sontay Tree Services,Vendor - Field Service,,,1,Gustavo Sontay,sontaylandscaping2018@gmail.com,003PZ00000mSs6wYAC
001PZ00000qK8AIYA0,Rudy Martinez,Vendor - Field Service,,,1,Rudy Martinez,rudymartinez084@gmail.com,003PZ00000mT7FRYA0
001PZ00000qu9InYAI,TX Natural Stone and Restoration LLC,Vendor - Field Service,Approved,charles@txnaturalstoneandrestoration.com,1,Charles Reyes,charles@txnaturalstoneandrestoration.com,003PZ00000mhokHYAQ
001PZ00000szle5YAA,Jesus Yanez,Vendor - Field Service,Approved,frankyanez_25@hotmail.com,1,Jesus Yanez,frankyanez_25@hotmail.com,003PZ00000nbbaKYAQ
001PZ00000tgLlFYAU,Beautiful Home Residential Cleaning,Vendor - Field Service,,,1,Aura L. Albores,apeque.al@gmail.com,003PZ00000o0ouZYAQ
001PZ00000th0urYAA,Jemmy Portillo Remodeling,Vendor - Field Service,,memylemus1099@gmail.com,1,Jemmy Portillo,memylemus1099@gmail.com,003PZ00000o12JRYAY
001PZ00000thKLdYAM,Moss Lawn Care Service,Vendor - Field Service,,,1,Donnell Moss,donnellmoss45@gmail.com,003PZ00000o1NvRYAU
001PZ00000yvexTYAQ,TTO Construction LLC,Vendor - Field Service,Approved,brelukas88@gmail.com,1,Brenda Morales,brelukas88@gmail.com,003PZ00000qKzSoYAK
001PZ00000z8rIZYAY,Finnie Fix It,Vendor - Field Service,,,1,Bradford Finnie,bfinnie1991@yahoo.com,003PZ00000qQ4RrYAK
001PZ00000z9vIXYAY,Kinsella Electric LLC,Vendor - Field Service,Approved,kinsellaelectric19@gmail.com,1,Hunter Kinsella,kinsellaelectric19@gmail.com,003PZ00000qQdm9YAC
001PZ00000zXrdXYAS,Fayette Plumbing,Vendor - Field Service,,,1,Jacob Steen,fayetteplumbing@yahoo.com,003PZ00000qgT2xYAE
001PZ00000zXt17YAC,Access Garage Doors,Vendor - Field Service,,,1,Mark Moffatt,mark32@accessdoorcompany.com,003PZ00000qgNonYAE
001PZ00000zY2duYAC,Frosty's Heating & Cooling,Vendor - Field Service,,,1,Cody Frost,cdfrost2015@gmail.com,003PZ00000qgsxKYAQ
001PZ00000zfyQAYAY,Julios Landscape Service,Vendor - Field Service,,,1,Freddy Martinez,julioslandscape14@gmail.com,003PZ00000qp3agYAA
001PZ00000zgDTyYAM,Unlimited Landscaping,Vendor - Field Service,,,1,Jose Gomez,jose7gomez4@gmail.com,003PZ00000qofObYAI
001PZ00000zwXyEYAU,TGT Painting,Vendor - Field Service,,,1,Kennedy Jones,tgtenterprise@yahoo.com,003PZ00000r4MN1YAM
001PZ000010I4j0YAC,Robert Chagolla,Vendor - Field Service,,,1,Robert Chagolla,rchagolla29@gmail.com,003PZ00000rPRwCYAW
001PZ000010O2mcYAC,Rios Cleaning Services LLC,Vendor - Field Service,Waiting for Approval,1rioscleaning@gmail.com,1,Adan Rios,1rioscleaning@gmail.com,003PZ00000rVf6oYAC
001PZ000010OPzFYAW,Neels and Son Home Innovations,Vendor - Field Service,,,0,,,
001PZ000010WdQkYAK,Pedro Ceto Raymundo,Vendor - Field Service,Approved,eduardoceto001@gmail.com,1,Nery Vidal,neryvidal34@gmail.com,003PZ00000rdmnrYAA
001PZ000010cih4YAA,Handyman Express,Vendor - Field Service,,,1,Bryan Minter,bryanminter5@gmail.com,003PZ00000rjwnjYAA
001PZ000010g1YiYAI,Josue Neels,Vendor - Field Service,Approved,angelcheyenne20@gmail.com,1,Josue Neels,info.neelsandson.innovation@gmail.com,003PZ00000rnGrgYAE
001PZ000010iPlPYAU,Culture Landscapes LLC,Vendor - Field Service,Approved,culturelandscapes.info@gmail.com,1,Garian Bradley,culturelandscapes.info@gmail.com,003PZ00000ro1TuYAI
001PZ000010jKdCYAU,Avalos Flooring & Remodeling,Vendor - Field Service,,,1,Sabas Avalos,avalossabas11@gmail.com,003PZ00000ru1WAYAY
001PZ000010mfI7YAI,HH Repairs Huntsville,Vendor - Field Service,,,1,Hector Hernandez,hhrepairshsv@gmail.com,003PZ00000rxpJJYAY
001PZ000010mhQLYAY,We Build WBT LLC,Vendor - Field Service,,,1,Angel Ibanez,angelibanez90@gmail.com,003PZ00000rxePeYAI
001PZ000010rmVrYAI,Kaleb Harbin,Vendor - Field Service,,,1,Kaleb Harbin,harbinkaleb2008@icloud.com,003PZ00000s3C2LYAU
001PZ000010ruLKYAY,A&D Year Round Service,Vendor - Field Service,,,1,Allen Gross,1rastateferi5@gmail.com,003PZ00000s3BJBYA2
001PZ000010rzCvYAI,Malone and Company Enterprise,Vendor - Field Service,,,1,Bree Parcus,maloneandcompanyenterprise@gmail.com,003PZ00000s3BkbYAE
001PZ000010zt77YAA,Aaron Construction,Vendor - Field Service,,,1,Tyler Aaron,tcaaron2016@gmail.com,003PZ00000sB08uYAC
001PZ000011Q3pIYAS,Innova Innovating Designs LLC,Vendor - Field Service,Approved,innovaremodeling2025@gmail.com,1,Javier Salguero,innovaremodeling2025@gmail.com,003PZ00000saiLGYAY
001PZ000011bzxFYAQ,Rosa Garcia,Vendor - Field Service,,prbuilds2018@gmail.com,1,Pedro Garcia,prbuilds2018@gmail.com,003PZ00000smr7mYAA
001PZ000011iHDnYAM,AAA Roofing,Vendor - Field Service,,ms.ebonieblessed@gmail.com,1,Dominic Modeste,ms.ebonieblessed@gmail.com,003PZ00000stRdGYAU
001PZ000011iHVfYAM,Memphis 100 Percent Plumbing LLC,Vendor - Field Service,,canalesaguilardorian@gmail.com,1,Amar Rasul,help@acecondition.com,003PZ00000su2o1YAA
001PZ000011uiEzYAI,Repair Solutions Plus LLC,Vendor - Field Service,,,1,Juan Escobedo,repairsolutionsplus@gmail.com,003PZ00000t5o9WYAQ
001PZ0000122F9QYAU,JAG Services,Vendor - Field Service,,,1,Justin Goodnight,goodnight_justin@yahoo.com,003PZ00000tDLLYYA4
001PZ000012BjRZYA0,"Animal Solution Wildlife Control, LLC",Vendor - Field Service,,,1,Oscar Solis,osolis305@gmail.com,003PZ00000tMhQAYA0
001PZ000012XNVfYAO,Bliss Carpet Cleaning,Vendor - Field Service,,,1,Joanna Bliss,perfectioncarpet08@yahoo.com,003PZ00000tiSCDYA2
001PZ000012ePxQYAU,"AMPD Interiors, LLC",Vendor - Field Service,,,1,Dewayne Clay,claydl7719@gmail.com,003PZ00000tpWD4YAM
001PZ000012fBkDYAU,A-Team Construction LLC,Vendor - Field Service,,,1,Rony Maldonado,lopezrony161@gmail.com,003PZ00000tq6bEYAQ
001PZ000012fTdxYAE,Pendleton Land Co,Vendor - Field Service,,,1,Eric Pendleton,eric@pendletonlandco.com,003PZ00000tqYIrYAM
001PZ000012fle1YAA,On Demand Handyman,Vendor - Field Service,,,1,Steven Clanton,ondemandhandyman2024@gmail.com,003PZ00000tqTJMYA2
001PZ000012sIr8YAE,M77 Renovations,Vendor - Field Service,,,1,Jordan Veilleux,jordan@m77renovations.com,003PZ00000u3NvuYAE
001PZ000012sis6YAA,Superior Plumbing and Drain Mechanical LLC,Vendor - Field Service,,dispatch@superiorplumbingtulsa.com,1,Amy Dudek,ap@superiorplumbingtulsa.com,003PZ00000u3bo1YAA
001PZ0000130eDIYAY,Victor Tapia Electric LLC,Vendor - Field Service,,,1,Victor Tapia,victortapiaelectric@gmail.com,003PZ00000uBAvGYAW
001PZ000013CsFNYA0,Nacho Flooring and Cleaning services LLC,Vendor - Field Service,Approved,elena.h0421@gmail.com,1,ignacio gonzalez,elena.h0421@gmail.com,003PZ00000uNScvYAG
001PZ000013FBYsYAO,Damaris Gabriela Ayala,Vendor - Field Service,Approved,damihernandez503@gmail.com,1,Damaris Gabariela Ayala Hernandez,damihernadgaby1998@icloud.com,003PZ00000uPhUZYA0
001PZ000013IBVqYAO,Lilac Cleaning Services LLC,Vendor - Field Service,,,1,Lila Vargas,lilavargas855@gmail.com,003PZ00000uSLe2YAG
001PZ000013LlEhYAK,Miguel Angel Rodriguez,Vendor - Field Service,Approved,miguel@allseasonlawnservices.com,1,Miguel Rodriguez,info@allseasonslawnservices.com,003PZ00000uWs6fYAC
001PZ000013LpbbYAC,Steam Masters Pro,Vendor - Field Service,,,1,Lawrence Khodr,steammasterspro@gmail.com,003PZ00000uWOopYAG
001PZ000013M0tZYAS,Rocket City Lawn Care LLC,Vendor - Field Service,,,1,Spencer Lacy,spencer@gmail.com,003PZ00000uWg0nYAC
001PZ000013M39uYAC,Bros on Call Services,Vendor - Field Service,,,1,Omari Rose,info@brosoncallservices.com,003PZ00000uWVDWYA4
001PZ000013M3WUYA0,Mike's Carpet Cleaning and Restoration,Vendor - Field Service,,,1,Michael Hernandez,mcchtown@gmail.com,003PZ00000uWmqvYAC
001PZ000013M4CPYA0,Luis Remodeling General,Vendor - Field Service,,maxluis1096@gmail.com,1,Geynder Yunior Luis Carillo,maxluis1096@gmail.com,003PZ00000uWWsqYAG
001PZ000013PZZpYAO,SimpleLife Homes & Co LLC,Vendor - Field Service,Approved,,1,Josh Yohn,josh@slhco.net,003PZ00000uavynYAA
001PZ000013YDv5YAG,J and Gamez Construction & Remodeling LLC,Vendor - Field Service,,,1,Irma Cartas,jandgamez@gmail.com,003PZ00000unKtNYAU
001PZ000013jAKQYA2,Luis Hernandez,Vendor - Field Service,,,1,Luis Hernandez,luishernandez6421@gmail.com,003PZ00000uzEAjYAM
001PZ000013ns6fYAA,GRS Roofing & Remodeling LLC,Vendor - Field Service,Approved,danny.gustavo2016@gmail.com,1,Gustavo Ramirez,grsroofingremodelingllc@gmail.com,003PZ00000v3Bb3YAE
001PZ0000142vfTYAQ,Dowd Heat and Air,Vendor - Field Service,,dowd.danny@gmail.com,1,Terry Dowd,dowd.danny@gmail.com,003PZ00000vMwB1YAK
001PZ0000147LhgYAE,DKMD HVAC & Maintenance LLC,Vendor - Field Service,,,1,Adrian Gardner,adrian@dkmdhvac.com,003PZ00000vRf6YYAS
001PZ000014KVBKYA4,DX Construction LLC,Vendor - Field Service,,,1,Jose Aguirre,jose@dxconstructionllc.com,003PZ00000vhYYsYAM
001PZ000014LBs9YAG,Dowd Heat and Air,Vendor - Field Service,,,1,Terry Dowd,abigail@dowdheatandair.com,003PZ00000vjQFSYA2
001PZ000014LLRsYAO,Force S. Remodeling and Paint Services,Vendor - Field Service,,,1,Jorge Augustin,jorgemateo011422@gmail.com,003PZ00000vjSwzYAE
001PZ000014LfoXYAS,Isidro R Gallegos Raymundo,Vendor - Field Service,,,1,Isidro Gallegos,craftedcarebyisidro@gmail.com,003PZ00000vjGfkYAE
001PZ000014Qfg4YAC,Houston Clean Now,Vendor - Field Service,,micahel@houstoncleannow.com,1,Michael Remeikis,micahel@houstoncleannow.com,003PZ00000voHmSYAU
001PZ000014bfChYAI,Modern Home Renovation,Vendor - Field Service,,,1,Reggie Parnell,modernhomerenovation901@gmail.com,003PZ00000vyb2HYAQ
